<?xml version="1.0" encoding="UTF-8"?>
<project-private xmlns="http://www.netbeans.org/ns/project-private/1">
    <editor-bookmarks xmlns="http://www.netbeans.org/ns/editor-bookmarks/2" lastBookmarkId="0"/>
    <open-files xmlns="http://www.netbeans.org/ns/projectui-open-files/2">
        <group>
            <file>file:/C:/Users/USER/OneDrive/Documents/NetBeansProjects/MuhammadFathanRizqi-2110010116-TB/fathantour/src/tour/ziarah/pesan.java</file>
            <file>file:/C:/Users/USER/OneDrive/Documents/NetBeansProjects/MuhammadFathanRizqi-2110010116-TB/fathantour/src/tour/ziarah/login.java</file>
            <file>file:/C:/Users/USER/OneDrive/Documents/NetBeansProjects/MuhammadFathanRizqi-2110010116-TB/fathantour/src/tour/ziarah/paket.java</file>
            <file>file:/C:/Users/USER/OneDrive/Documents/NetBeansProjects/MuhammadFathanRizqi-2110010116-TB/fathantour/src/tour/ziarah/pelanggan.java</file>
            <file>file:/C:/Users/USER/OneDrive/Documents/NetBeansProjects/MuhammadFathanRizqi-2110010116-TB/fathantour/src/laporan/reportpelanggan.jrxml</file>
            <file>file:/C:/Users/USER/OneDrive/Documents/NetBeansProjects/MuhammadFathanRizqi-2110010116-TB/fathantour/src/laporan/reportpelanggan.jasper</file>
            <file>file:/C:/Users/USER/OneDrive/Documents/NetBeansProjects/MuhammadFathanRizqi-2110010116-TB/fathantour/src/tour/ziarah/menuutama.java</file>
            <file>file:/C:/Users/USER/OneDrive/Documents/NetBeansProjects/MuhammadFathanRizqi-2110010116-TB/fathantour/src/tour/ziarah/TourZiarah.java</file>
        </group>
    </open-files>
</project-private>
